epochs,acc,loss,val_acc,val_loss,train_data,features_nb,loss_fct,optimizer,activation_fct,layer_nb,unit_nb,batch_size,dropout,cell_type,encoder
0,0.9702482223510742,0.010585933526918882,0.9209141135215759,0.028660557338068705,494021,4,mse,rmsprop,sigmoid,2,128,1024,0.2,CuDNNLSTM,labelencoder
0,0.9712076783180237,0.009417187433841704,0.9203997254371643,0.03043284469732389,494021,4,mse,rmsprop,softmax,2,128,1024,0.2,CuDNNLSTM,labelencoder
0,0.9729869961738586,0.011281726871228519,0.9210459589958191,0.02944296290304412,494021,4,mse,rmsprop,relu,2,128,1024,0.2,CuDNNLSTM,labelencoder
0,0.9710153937339783,0.012830440703172175,0.920492947101593,0.029149716733734957,494021,4,mse,rmsprop,tanh,2,128,1024,0.2,CuDNNLSTM,labelencoder
