epochs,acc,loss,val_acc,val_loss,train_data,features_nb,loss_fct,optimizer,activation_fct,layer_nb,unit_nb,batch_size,dropout,cell_type,encoder
0,0.9910449385643005,0.002974373653122875,0.9172681570053101,0.03145059428397668,494021,4,mse,rmsprop,sigmoid,2,128,128,0.2,CuDNNLSTM,labelencoder
0,0.9869945049285889,0.00427674735243739,0.921885073184967,0.03041526815982832,494021,4,mse,rmsprop,sigmoid,2,128,256,0.2,CuDNNLSTM,labelencoder
0,0.9804684519767761,0.0065275167071048934,0.9203611016273499,0.030171051939925683,494021,4,mse,rmsprop,sigmoid,2,128,512,0.2,CuDNNLSTM,labelencoder
0,0.9677199721336365,0.010864427301144553,0.9180848002433777,0.029332051707286873,494021,4,mse,rmsprop,sigmoid,2,128,1024,0.2,CuDNNLSTM,labelencoder
0,0.9528218507766724,0.01629234739450406,0.9183098673820496,0.03148665484067385,494021,4,mse,rmsprop,sigmoid,2,128,2048,0.2,CuDNNLSTM,labelencoder
