param,value,min_mean_val_loss
encoder,labelencoder,0.028233934467860437
optimizer,rmsprop,0.02818756732794792
activation_fct,sigmoid,0.028660557338068705
layer_nb,2,0.028351364657899662
unit_nb,128,0.027983825590814738
dropout,0.2,0.028117548566621103
batch_size,1024,0.029332051707286876
