epochs,acc,loss,val_acc,val_loss,train_data,features_nb,loss_fct,optimizer,activation_fct,layer_nb,unit_nb,batch_size,dropout,cell_type,encoder
0,0.9696328639984131,0.009988696206658088,0.922187328338623,0.028117548566621103,494021,4,mse,rmsprop,sigmoid,2,128,1024,0.1,CuDNNLSTM,labelencoder
0,0.9703737497329712,0.010145216458397721,0.9215314388275146,0.028339951252290656,494021,4,mse,rmsprop,sigmoid,2,128,1024,0.2,CuDNNLSTM,labelencoder
0,0.9706449508666992,0.010259633906107384,0.8968938589096069,0.04510019013098772,494021,4,mse,rmsprop,sigmoid,2,128,1024,0.3,CuDNNLSTM,labelencoder
0,0.9678252339363098,0.011015043984425928,0.9209430813789368,0.02854742307833515,494021,4,mse,rmsprop,sigmoid,2,128,1024,0.4,CuDNNLSTM,labelencoder
0,0.9650440216064453,0.011813770088663793,0.9202614426612854,0.028767286295600394,494021,4,mse,rmsprop,sigmoid,2,128,1024,0.5,CuDNNLSTM,labelencoder
