epochs,acc,loss,val_acc,val_loss,train_data,features_nb,loss_fct,optimizer,activation_fct,layer_nb,unit_nb,batch_size,dropout,cell_type,encoder
0,0.9542873501777649,0.018317971157603807,0.8715714812278748,0.04696768714236072,494021,4,mse,rmsprop,sigmoid,2,128,1024,0.2,CuDNNLSTM,standardscaler
0,0.9671592712402344,0.011187950091763212,0.9206408262252808,0.02823393446786044,494021,4,mse,rmsprop,sigmoid,2,128,1024,0.2,CuDNNLSTM,labelencoder
0,0.9135927557945251,0.031976444127633306,0.8614630699157715,0.05265986139434755,494021,4,mse,rmsprop,sigmoid,2,128,1024,0.2,CuDNNLSTM,minmaxscaler01
0,0.8845433592796326,0.03983285840848661,0.8667744994163513,0.05164419575116007,494021,4,mse,rmsprop,sigmoid,2,128,1024,0.2,CuDNNLSTM,minmaxscaler11
0,0.9687402248382568,0.010774832449291243,0.9210748672485352,0.02895559533974456,494021,4,mse,rmsprop,sigmoid,2,128,1024,0.2,CuDNNLSTM,ordinalencoder
