epochs,acc,loss,val_acc,val_loss,train_data,features_nb,loss_fct,optimizer,activation_fct,layer_nb,unit_nb,batch_size,dropout,cell_type,encoder
0,0.9606130123138428,0.014207613527605816,0.9197341799736023,0.030312959696000286,494021,4,mse,adam,sigmoid,2,128,1024,0.2,CuDNNLSTM,labelencoder
0,0.7850860357284546,0.1333054973958807,0.7390082478523254,0.09910416621447198,494021,4,mse,sgd,sigmoid,2,128,1024,0.2,CuDNNLSTM,labelencoder
0,0.9690256118774414,0.010508220539255951,0.9220072627067566,0.028187567327947922,494021,4,mse,rmsprop,sigmoid,2,128,1024,0.2,CuDNNLSTM,labelencoder
0,0.9274828433990479,0.02628925072392618,0.9138408303260803,0.053860009790708284,494021,4,mse,nadam,sigmoid,2,128,1024,0.2,CuDNNLSTM,labelencoder
0,0.9634590148925781,0.012581064388376497,0.9197534918785095,0.030793404999154107,494021,4,mse,adamax,sigmoid,2,128,1024,0.2,CuDNNLSTM,labelencoder
0,0.8511885404586792,0.04980315122949584,0.9083847403526306,0.039204617540753696,494021,4,mse,adadelta,sigmoid,2,128,1024,0.2,CuDNNLSTM,labelencoder
