epochs,acc,loss,val_acc,val_loss,train_data,features_nb,loss_fct,optimizer,activation_fct,layer_nb,unit_nb,batch_size,dropout,cell_type,encoder
0,0.7706777453422546,0.14098557379394916,0.7390082478523254,0.08562097859959303,494021,4,mse,rmsprop,sigmoid,2,4,1024,0.2,CuDNNLSTM,labelencoder
0,0.7897133827209473,0.08230706313686416,0.9019962549209595,0.04157127499404748,494021,4,mse,rmsprop,sigmoid,2,8,1024,0.2,CuDNNLSTM,labelencoder
0,0.9353367686271667,0.025178364008342405,0.9119246006011963,0.03217230177521669,494021,4,mse,rmsprop,sigmoid,2,32,1024,0.2,CuDNNLSTM,labelencoder
0,0.9569613337516785,0.015246782497667763,0.9188757538795471,0.0301134555155378,494021,4,mse,rmsprop,sigmoid,2,64,1024,0.2,CuDNNLSTM,labelencoder
0,0.9688211679458618,0.01067037314784755,0.921856164932251,0.027983825590814738,494021,4,mse,rmsprop,sigmoid,2,128,1024,0.2,CuDNNLSTM,labelencoder
0,0.9738149046897888,0.008851330137045825,0.9191426038742065,0.029088989361748183,494021,4,mse,rmsprop,sigmoid,2,256,1024,0.2,CuDNNLSTM,labelencoder
