param,value,min_mean_val_loss
encoder,labelencoder,0.029659432982200584
optimizer,nadam,0.029138500063727417
activation_fct,sigmoid,0.02948421590636293
layer_nb,2,0.0293569918196877
unit_nb,128,0.02925164499272046
dropout,0.2,0.029314008204469742
batch_size,1024,0.029429832604705684
