param,value,min_mean_val_loss
encoder,standarscaler,0.025248318574737433
optimizer,nadam,0.02464752507305567
activation_fct,tanh,0.024308658393846567
layer_nb,2,0.02438319860833089
unit_nb,32,0.024182257735830732
dropout,0.2,0.02460796583872326
batch_size,512,0.024076640178794604
